feature,mean,scale
N,50.551818181818184,36.90894257695227
P,53.36272727272727,32.97838509495386
K,48.14909090909091,50.636418345000635
temperature,25.616243851779544,5.062597617195944
humidity,71.48177921778637,22.25875105745574
ph,6.469480065256364,0.7737617731081714
rainfall,103.46365541576817,54.945896562329025
